Product_Name,Brand,Category,Price
despite,"Lawson, Stone and Campos",perfume oil,250.57
sea,Washington Group,perfume oil,179.81
suddenly,Rodgers Ltd,perfume oil,600.55
site,"Wilson, Scott and Johnson",perfume oil,414.36
act,"Riddle, Alvarez and Robinson",perfume,704.05
born,Jones-Edwards,perfume oil,951.69
sister,"Webb, Wolf and Rogers",perfume,688.47
difference,Johnston-Smith,perfume oil,604.82
cost,"Edwards, Roberts and Jones",perfume,879.18
specific,"Taylor, Miller and Owens",perfume,844.65
culture,"Montoya, Smith and Carter",perfume oil,897.12
letter,"Peterson, Jones and Li",perfume oil,454.55
wish,Jefferson and Sons,perfume oil,630.53
message,"Alexander, Williams and Russell",perfume,742.16
mention,"Young, Sandoval and Murphy",perfume,798.03
police,Brown and Sons,perfume,242.74
very,"Parsons, Davis and Davis",perfume oil,677.54
eye,"Lynch, Dixon and Evans",perfume,21.98
name,"Dawson, Long and Jordan",perfume oil,890.83
beat,Rangel-Becker,perfume,293.5
whatever,Elliott Ltd,perfume oil,779.93
speak,"Savage, Holloway and Obrien",perfume,605.51
hour,"Church, King and Chavez",perfume oil,40.55
above,"Martinez, Contreras and Reed",perfume oil,674.19
no,Lee Ltd,perfume oil,844.44
court,"Baldwin, King and Cole",perfume oil,649.95
somebody,Miller-Richard,perfume oil,822.22
management,Weeks-Mendez,perfume,388.82
sit,Baker Ltd,perfume,877.61
sing,Mcguire-Young,perfume,583.72
fire,"Sandoval, Ramos and Ware",perfume oil,625.71
good,Sanchez Group,perfume,399.32
field,Herrera-Jensen,perfume oil,633.84
strong,Wilson PLC,perfume oil,827.94
early,Johnson-Fletcher,perfume,73.66
not,Porter LLC,perfume,274.85
writer,Barnes LLC,perfume oil,468.38
few,Garcia Group,perfume oil,289.53
ask,Gomez-Schmitt,perfume,935.58
nice,Baker and Sons,perfume oil,162.51
item,"Thomas, Martin and Flores",perfume,809.01
seven,"Shea, Cole and Robinson",perfume oil,42.42
firm,"Thomas, Miller and Ali",perfume oil,948.99
evening,Hunt Group,perfume oil,533.21
scientist,Martinez-Smith,perfume oil,824.23
around,Rosario-Ball,perfume oil,259.12
be,Griffin-Rios,perfume oil,883.34
themselves,"Abbott, Fleming and Davis",perfume oil,897.83
between,"Dean, Mckenzie and Aguirre",perfume,435.11
carry,Ashley-Reeves,perfume oil,387.51
thought,"Edwards, Roman and Jenkins",perfume oil,568.83
drop,"Moore, Nelson and Johnson",perfume,857.03
property,"Gray, Larsen and Benitez",perfume oil,379.21
guess,Lopez Inc,perfume,159.26
hear,Rowe PLC,perfume oil,870.87
late,Holden Inc,perfume oil,71.99
media,"Webb, Johns and Caldwell",perfume oil,193.57
discussion,"Cunningham, Baker and Smith",perfume oil,961.31
article,Harris-Copeland,perfume oil,402.5
billion,Phillips-Hodges,perfume,791.88
provide,Knight-Russell,perfume,694.1
time,Stephenson PLC,perfume,716.42
together,Kramer-Harper,perfume,304.93
minute,Williams-Reynolds,perfume oil,644.4
structure,Harrison-Taylor,perfume oil,318.03
word,Gonzalez Inc,perfume oil,729.92
star,"Garcia, Thornton and Smith",perfume oil,539.22
worker,Kelley-Duncan,perfume oil,325.62
hair,"Taylor, Ryan and Carr",perfume,74.19
food,Bender-Cox,perfume,462.21
tree,Williams-Benton,perfume,602.9
human,"Trevino, Davis and Fritz",perfume,595.41
add,Smith PLC,perfume oil,29.8
back,Aguilar-Ibarra,perfume,640.65
TV,White-Freeman,perfume,133.17
street,"Lewis, Hayes and Boyer",perfume oil,106.66
growth,Estrada Ltd,perfume,484.47
majority,Terry Inc,perfume,321.34
member,Hoffman-Roman,perfume oil,412.18
worker,"Parks, Cobb and Price",perfume,22.41
get,"Gonzalez, Chavez and Williams",perfume,575.48
effort,"Stevens, Powell and Mckinney",perfume oil,648.67
rest,Marshall and Sons,perfume oil,419.55
safe,Garza Inc,perfume oil,392.3
could,"Parks, Cabrera and Wells",perfume oil,664.25
control,Brown-Steele,perfume oil,656.68
behavior,Cohen Ltd,perfume,30.8
land,Flores-Mason,perfume,389.78
performance,"Andrade, Mcfarland and Jones",perfume,836.62
issue,Smith-Williams,perfume,997.99
if,"Ferrell, Morales and Wolf",perfume,361.9
structure,Marks-Rodriguez,perfume oil,484.13
stuff,West Ltd,perfume,497.52
detail,White-Sanchez,perfume oil,191.91
move,Hughes PLC,perfume,790.31
heart,Soto-White,perfume oil,372.26
stuff,"Watkins, Fox and Walker",perfume,508.08
offer,"Hernandez, Cooper and Wilson",perfume oil,841.45
write,"Roberson, Pittman and Warren",perfume oil,921.29
bag,Taylor PLC,perfume,844.21
manage,"Woodward, Turner and Allen",perfume,164.09
by,Anderson-Moore,perfume,535.75
season,Dominguez-Wallace,perfume,982.06
option,"Henderson, Bright and Carney",perfume oil,461.6
course,Chambers LLC,perfume,157.13
get,Goodman-Trevino,perfume oil,972.68
us,Miller PLC,perfume,33.28
inside,Arnold PLC,perfume oil,780.3
executive,"Mosley, Cobb and Nelson",perfume,219.82
first,"Jones, Walker and Jones",perfume,361.88
treatment,Mccarthy-Meyer,perfume,711.56
then,"Sanders, Goodwin and Williams",perfume,910.19
main,"Strong, Smith and Duncan",perfume oil,254.0
memory,Conner and Sons,perfume,586.34
trade,"Davis, Hall and Rodriguez",perfume oil,898.05
relate,Cohen and Sons,perfume oil,646.43
dark,Allen PLC,perfume,85.76
knowledge,"Wood, Acosta and Richardson",perfume oil,251.56
fight,Parker-Schroeder,perfume oil,889.58
stand,Ochoa-Phillips,perfume,887.32
call,"Stephenson, Huynh and Bryant",perfume,915.57
because,Phillips-Meyer,perfume,735.56
red,Valentine Inc,perfume oil,616.86
that,Ortiz-Munoz,perfume oil,436.57
old,"Vega, Neal and French",perfume oil,65.01
oil,Mahoney Inc,perfume,886.99
inside,Jones-Lara,perfume oil,85.23
event,Duncan-Singh,perfume,38.59
consider,Davis-Garcia,perfume oil,321.24
man,Smith Ltd,perfume oil,126.68
article,Nichols-Reid,perfume oil,823.96
high,Dougherty-Johnson,perfume oil,286.49
director,"Lutz, Hoover and Dunn",perfume oil,189.19
actually,Smith-Lopez,perfume,767.17
and,Russell-Anderson,perfume oil,172.88
hand,Ross and Sons,perfume,449.91
low,Chavez-Pearson,perfume,910.57
order,Powell Inc,perfume oil,168.4
hot,Farrell-Davis,perfume oil,305.47
white,Cooper Inc,perfume oil,882.6
mouth,Brown-Hoffman,perfume,55.56
market,Arnold Inc,perfume,273.64
bar,Lopez Ltd,perfume oil,90.74
then,Stevenson-Reeves,perfume oil,798.7
religious,"Rich, Shepard and Johnson",perfume,556.17
car,"Morgan, Gray and Smith",perfume oil,152.52
financial,Miller PLC,perfume,255.46
price,Morales-Crawford,perfume oil,262.64
network,Hayes-Kelly,perfume,523.56
model,"Roberson, Jones and Zhang",perfume oil,485.76
shoulder,Downs Group,perfume oil,371.59
decide,Allen-Little,perfume oil,757.93
performance,Warren Inc,perfume,993.62
eye,"Evans, Martin and Sherman",perfume,996.32
behavior,"Johnson, Mendoza and Martinez",perfume,136.13
attack,Lopez Inc,perfume oil,723.7
approach,Davis Group,perfume,626.51
rich,Jones Group,perfume,267.35
wait,"Mccoy, Dennis and Hines",perfume,932.69
try,"Nicholson, Davidson and Morris",perfume,811.86
seek,Blake Inc,perfume,78.67
go,Cabrera and Sons,perfume oil,692.27
drive,"Stewart, White and Young",perfume,159.61
effect,"Henderson, Wilson and Maynard",perfume oil,632.01
reason,Savage-Daniels,perfume oil,156.73
reduce,"Cunningham, Barnett and Jacobson",perfume,354.86
smile,Morris-Zamora,perfume oil,102.02
spend,Morton Group,perfume oil,115.3
focus,Sullivan-Fuentes,perfume,927.42
guy,Crane PLC,perfume,707.37
two,Miller-Porter,perfume,753.01
lawyer,Wheeler-Green,perfume,253.28
little,Herman-Hudson,perfume oil,162.14
threat,"Mckinney, Garcia and Nichols",perfume,950.61
according,Carr PLC,perfume,267.64
do,Wilson PLC,perfume,439.38
modern,Franco PLC,perfume,882.53
defense,"Estes, Lucas and Edwards",perfume oil,771.61
station,Hoffman Group,perfume oil,286.16
pass,"Parks, Garcia and Parker",perfume oil,258.25
short,Fisher-Livingston,perfume,908.47
military,"Gomez, Lopez and Crawford",perfume oil,809.38
order,"Gomez, Schroeder and Hernandez",perfume,667.58
degree,Stewart and Sons,perfume oil,808.33
produce,Dunn-Phelps,perfume oil,364.53
responsibility,"Robinson, Mendez and Castro",perfume,215.66
task,Harris PLC,perfume,22.26
accept,Bridges and Sons,perfume,990.49
fast,Mckee Group,perfume,211.03
hotel,Brown-Robinson,perfume oil,496.24
really,Miller Group,perfume oil,773.19
point,Crawford LLC,perfume oil,161.84
find,Obrien-Schwartz,perfume,848.72
laugh,"Adams, Allen and Luna",perfume oil,703.43
dinner,Scott Inc,perfume,846.41
hotel,Collins-Villa,perfume oil,487.66
person,"Glover, Wilson and Valenzuela",perfume oil,49.0
political,Cardenas-Jones,perfume oil,685.97
society,"Ellis, Wright and Kirk",perfume oil,573.16
according,Miller PLC,perfume,602.62
evidence,"Collins, Weber and Morris",perfume,189.72
grow,"Davis, Thomas and Velasquez",perfume oil,705.26
before,Lam-Morris,perfume,393.05
even,"Huber, Haney and Duran",perfume,182.52
somebody,King-Johnson,perfume,404.4
source,Alvarez-Johnson,perfume oil,920.52
single,"Olsen, Williams and Young",perfume,985.56
what,"Mcdonald, Medina and Morris",perfume,579.8
idea,"Fitzgerald, Wilson and Deleon",perfume,704.9
across,"Gilbert, Steele and Frank",perfume oil,247.28
now,Turner-Black,perfume oil,370.79
push,"Ward, Reid and Brown",perfume oil,36.03
region,Williams-Love,perfume,558.71
including,"Knight, Baker and Garcia",perfume oil,917.5
involve,Ward Ltd,perfume,252.02
follow,"Williams, Martinez and Ramos",perfume oil,332.69
lot,"Bradshaw, Clayton and Archer",perfume,722.85
clear,Fuller-Lynch,perfume,864.35
want,Cooper Group,perfume oil,916.12
parent,Watson-Stanley,perfume oil,273.25
happy,"Bishop, Villarreal and James",perfume,944.31
professional,Murillo LLC,perfume oil,465.92
black,Pope-Castillo,perfume,79.16
natural,Lowery-Holt,perfume,781.69
all,"Moore, Walton and Robertson",perfume oil,171.2
unit,Barajas and Sons,perfume oil,300.81
agreement,"Holt, West and Stone",perfume oil,553.39
cover,Meadows-Henderson,perfume oil,63.66
why,Nguyen and Sons,perfume oil,556.87
section,Vincent-Wolfe,perfume,281.83
off,Graves-Odonnell,perfume,825.85
fly,"Holmes, King and Walker",perfume,424.56
sort,Nolan-Blackwell,perfume oil,431.23
throw,Kelley Ltd,perfume oil,974.84
space,Walker-Rogers,perfume,574.17
decade,Howard PLC,perfume oil,771.35
benefit,Wilson-Taylor,perfume oil,136.91
summer,Diaz-Berry,perfume,986.7
believe,"Cordova, Garrett and Mcdaniel",perfume oil,839.66
relate,"Jones, Brown and Wade",perfume,906.63
after,"Gonzalez, Smith and Wright",perfume oil,645.46
same,Yang Ltd,perfume oil,662.61
challenge,Brown PLC,perfume oil,482.89
system,Ayers PLC,perfume oil,778.88
benefit,Bowen Group,perfume oil,41.6
number,"Jordan, Long and Cole",perfume oil,141.18
person,Copeland Ltd,perfume oil,417.78
consumer,Greer-Davis,perfume oil,654.66
condition,Arellano-Valdez,perfume oil,542.91
cause,Barron-Brooks,perfume oil,999.01
away,"Jenkins, Steele and Sullivan",perfume oil,733.18
organization,Hicks-Lane,perfume,20.72
everyone,White-Oconnell,perfume,218.03
success,Patrick Group,perfume,747.6
again,Johnston Group,perfume,626.77
study,"Koch, Bates and Richard",perfume oil,191.56
sister,Clark LLC,perfume oil,90.65
cover,Anderson-Hartman,perfume,508.06
speak,West PLC,perfume oil,760.75
back,Smith PLC,perfume,692.5
hope,"Campbell, Leon and Collins",perfume oil,501.55
six,Jackson Ltd,perfume,387.76
partner,Hill-Lopez,perfume oil,541.65
realize,Farmer-Poole,perfume,27.07
control,"Vang, Lopez and Brown",perfume,247.44
chair,Phillips PLC,perfume oil,756.0
direction,"Mitchell, Shelton and Lopez",perfume,186.4
general,Davis-Blair,perfume oil,138.18
concern,Wright-James,perfume oil,845.87
child,Harper Inc,perfume oil,881.04
arm,Harris-Santos,perfume oil,660.89
reach,Newman PLC,perfume oil,302.28
American,"Jackson, Walters and Tran",perfume,474.44
professor,"Stewart, Sullivan and Daniels",perfume,217.6
west,Cook and Sons,perfume oil,629.66
enter,Ortiz-Carter,perfume,894.97
care,Gonzalez Inc,perfume oil,487.41
effect,Taylor-Sharp,perfume,166.39
city,Jones LLC,perfume oil,21.43
improve,"Cochran, Abbott and Foster",perfume oil,997.78
service,"Wall, Henry and Mendez",perfume oil,468.84
design,"Branch, Brady and Lopez",perfume,533.22
later,"Bates, Silva and Schwartz",perfume oil,416.87
glass,"Leblanc, Baker and Cummings",perfume oil,216.85
expert,Lopez-Simon,perfume oil,18.75
easy,Wallace Ltd,perfume,169.2
research,Anthony-Hayes,perfume oil,950.37
nation,"Welch, Little and Adkins",perfume oil,40.91
end,Martin-Adkins,perfume oil,571.75
performance,"Romero, Bell and Huerta",perfume,490.77
crime,Burke Ltd,perfume oil,445.6
field,Dominguez and Sons,perfume oil,322.45
forget,Brewer Inc,perfume,318.69
deep,"Robinson, Moyer and Stevens",perfume,135.07
leg,Garza-White,perfume oil,66.12
stuff,Allison Ltd,perfume,29.52
part,"Welch, Henderson and Le",perfume,747.66
environmental,Mckinney Inc,perfume oil,272.55
meet,Harris Inc,perfume,952.01
language,Meza-Stone,perfume,455.79
building,Johnson-Bass,perfume oil,453.35
every,Nichols LLC,perfume oil,41.46
paper,Lewis-Wang,perfume oil,705.26
fine,Callahan Inc,perfume oil,33.33
more,Curry and Sons,perfume oil,577.43
lead,"Martin, Hill and Weiss",perfume,193.3
music,"Harris, Mcpherson and Webster",perfume,113.35
today,Bryant LLC,perfume,832.75
them,Sloan Ltd,perfume oil,304.1
financial,"Duarte, Gonzalez and Mendoza",perfume oil,909.88
four,Garcia-Farley,perfume oil,872.78
material,Mitchell and Sons,perfume oil,281.5
dream,Macias-Velasquez,perfume,829.75
fact,Rhodes Ltd,perfume,236.54
expert,"Woods, Smith and Thomas",perfume oil,707.26
indeed,Ingram PLC,perfume,293.26
store,Elliott Group,perfume,880.89
trouble,"Rivera, Bradford and Vargas",perfume oil,374.46
now,Potts-Potter,perfume oil,454.91
beautiful,"Roberts, Rogers and Hall",perfume,366.14
include,Price and Sons,perfume oil,137.26
piece,Elliott-Fitzgerald,perfume oil,925.19
middle,Anderson-Miles,perfume oil,494.62
would,"Logan, Cooper and Carter",perfume oil,892.65
as,Haynes-Mccoy,perfume,92.83
though,"Watts, Smith and Hensley",perfume,115.51
office,Charles Ltd,perfume,827.42
culture,"Garza, Gordon and Navarro",perfume oil,259.65
scientist,Bryant PLC,perfume,329.94
control,Riley-Cohen,perfume,829.67
forward,Thompson PLC,perfume,182.77
off,Marshall and Sons,perfume,797.34
agree,Martinez Ltd,perfume,356.49
organization,"Figueroa, James and Riley",perfume,48.24
front,"Johnson, Bell and Adams",perfume oil,912.1
beat,Mcdaniel-Taylor,perfume oil,913.31
heavy,"Harrington, Richards and Beck",perfume,393.57
outside,Tucker Inc,perfume oil,482.77
thus,Young Inc,perfume,928.8
why,Evans PLC,perfume,552.51
human,"Mitchell, Price and Davis",perfume oil,487.72
high,Maynard-Herring,perfume,913.46
bar,"Kelly, Chapman and Pena",perfume,337.84
with,Rodriguez-Hunter,perfume,360.97
north,"Brewer, Miller and Wood",perfume,29.69
direction,Torres PLC,perfume oil,623.63
these,"Kaiser, Dennis and Thompson",perfume oil,560.62
move,"Anderson, Mahoney and Barron",perfume oil,984.56
worker,"Carroll, Campos and Weber",perfume oil,246.45
particular,Richardson PLC,perfume oil,409.2
particular,Steele-Baker,perfume oil,120.94
will,Thomas Group,perfume oil,286.44
machine,Torres-Noble,perfume oil,463.55
easy,Allen-Harris,perfume,503.63
bring,"Pittman, Collins and Glover",perfume,189.39
go,Jordan and Sons,perfume,678.02
name,"Mullins, Brooks and Reed",perfume,937.24
open,"Johnson, Howard and Hobbs",perfume,183.14
no,Mclean-Allen,perfume,32.67
age,Johns Ltd,perfume,480.65
sell,Hale-Barnes,perfume,354.98
face,Carpenter Inc,perfume oil,272.55
catch,Hartman and Sons,perfume,976.73
former,Powell Ltd,perfume oil,661.34
next,Hunter Inc,perfume,407.81
serve,Wolf-Erickson,perfume,766.82
why,Rich-Chen,perfume,916.56
each,Odom Inc,perfume,68.3
also,Stewart Group,perfume oil,172.05
exist,Nelson Group,perfume,810.9
goal,Moore-Hubbard,perfume,970.9
be,Oliver and Sons,perfume oil,655.59
certain,Boyd-Weaver,perfume oil,113.97
number,Blackwell Ltd,perfume,733.09
they,Cruz Group,perfume,271.8
despite,"Dunn, Alvarado and Rich",perfume,239.89
improve,Jimenez-Allen,perfume,222.39
food,"Richards, Rivera and Bailey",perfume oil,297.41
carry,Caldwell PLC,perfume,602.73
key,Rivera-Smith,perfume,391.74
dream,"Stone, Ortiz and Allen",perfume oil,598.66
bank,Mcgee Inc,perfume oil,888.05
in,Cox PLC,perfume oil,655.5
size,Ramsey-Woods,perfume,513.02
fear,Thompson-Lopez,perfume oil,449.83
during,"Graham, Duncan and Williams",perfume,106.34
pressure,Morris LLC,perfume,360.74
month,Taylor LLC,perfume,434.23
down,"Crawford, Joseph and Wheeler",perfume oil,727.13
decide,Morton-Gould,perfume oil,905.16
method,"Compton, Mcknight and Hansen",perfume,384.05
community,"Terry, Stone and Noble",perfume,24.66
and,Roberts and Sons,perfume oil,245.08
stay,Adams-Ballard,perfume,51.9
loss,Shea Ltd,perfume oil,439.95
school,Rodriguez-Smith,perfume,142.33
question,Blackwell Group,perfume oil,902.14
pass,Jackson-Nelson,perfume,221.69
kid,"Henry, Good and Byrd",perfume oil,47.95
model,Sawyer-Santos,perfume oil,122.69
read,Williams LLC,perfume,655.66
trouble,Mora-Johnson,perfume oil,129.77
management,Buckley Inc,perfume oil,103.65
popular,Montgomery Inc,perfume,749.53
task,Reid Group,perfume oil,451.96
sister,"Wright, Anderson and Gordon",perfume,963.35
TRUE,Davis-Monroe,perfume,31.91
contain,"Lawson, Perez and Daniels",perfume,599.81
have,Edwards-Gonzales,perfume oil,944.17
catch,"Lam, Campbell and Robinson",perfume,180.25
court,"Pham, Jackson and Cook",perfume,974.48
reflect,"Orr, Davis and Mccarthy",perfume,84.32
blood,Reeves PLC,perfume,71.94
present,Pruitt and Sons,perfume oil,175.23
song,Garcia Inc,perfume,826.92
employee,Hahn-White,perfume oil,11.38
center,"Hunt, Williams and White",perfume,513.63
manager,Watson-West,perfume oil,241.24
capital,"Hess, Briggs and Mcguire",perfume oil,349.13
recently,Hill-Barnes,perfume,386.81
network,"Davis, Wagner and Fields",perfume oil,622.6
street,Sanchez and Sons,perfume oil,859.37
system,Wilson and Sons,perfume oil,782.97
edge,Simpson-Wright,perfume oil,487.68
describe,Parker LLC,perfume oil,614.94
light,Flowers LLC,perfume oil,325.66
figure,Morales LLC,perfume,293.14
campaign,Smith-Brown,perfume,74.29
week,Oliver Inc,perfume oil,472.24
item,Bell Group,perfume oil,294.01
end,Gomez-Thompson,perfume oil,309.11
herself,Bright PLC,perfume,44.2
choose,Mitchell PLC,perfume,731.13
also,"Johnson, Harrington and Williams",perfume oil,308.71
guy,Hester-Bradshaw,perfume,647.64
theory,"Salazar, Frazier and Coffey",perfume,14.67
language,Davis-Garcia,perfume oil,332.57
into,Jackson-Coleman,perfume,768.59
other,Nelson Ltd,perfume oil,289.58
see,"Lynch, Holmes and Gregory",perfume,811.67
second,Campbell-Ruiz,perfume oil,565.18
sister,"Reed, Robertson and Hawkins",perfume,802.81
summer,"Pace, Mathis and Miller",perfume,884.67
suggest,Walsh and Sons,perfume oil,90.4
hair,Shelton-Leonard,perfume,725.91
executive,Martinez-Reid,perfume,936.22
treatment,Cook Group,perfume,439.69
use,"Fields, Rodriguez and Russo",perfume oil,365.42
range,"Wells, Franklin and Graham",perfume,339.06
stage,"Schneider, Macias and Jones",perfume oil,141.25
power,Harding-Petersen,perfume,904.95
national,Hicks and Sons,perfume oil,405.45
none,Fuentes PLC,perfume,887.52
model,Oneal-Myers,perfume oil,290.83
less,Smith and Sons,perfume,924.86
it,Mcneil-Morgan,perfume oil,902.73
majority,Ryan-Montgomery,perfume oil,854.84
apply,Brown PLC,perfume,253.13
me,"Taylor, Miller and Frost",perfume,365.14
rather,"Thomas, Ellis and Shelton",perfume oil,683.44
war,Brewer-Smith,perfume,389.84
enter,Acosta Group,perfume,46.34
like,Hurst Group,perfume,374.32
drive,Hensley-Martinez,perfume oil,585.7
go,Brown Ltd,perfume,468.53
speech,Williams LLC,perfume,321.35
recent,Benson-Johnson,perfume,486.25
political,Parks-Heath,perfume,195.44
director,"Jacobson, Gonzales and Snyder",perfume oil,391.78
international,Bennett Ltd,perfume oil,573.86
ground,"Williams, Hernandez and Maxwell",perfume oil,638.38
mind,"Hernandez, Villegas and Holloway",perfume oil,430.35
natural,"Mueller, Rodriguez and Palmer",perfume,401.68
by,Hamilton Inc,perfume,21.29
TRUE,"Ryan, Dixon and Johnston",perfume,664.55
during,Johnson and Sons,perfume,805.94
sound,Meyer and Sons,perfume oil,675.96
rest,"Gray, Hess and Harrell",perfume,808.2
sit,"Mckenzie, Ford and Rodriguez",perfume oil,587.71
eat,Wright-Nelson,perfume,465.7
course,"White, Taylor and Hood",perfume,410.32
develop,Gilmore Ltd,perfume,416.32
enjoy,"Rodriguez, Bradley and Morris",perfume oil,731.51
under,Miller-Santana,perfume oil,223.21
too,"Harris, Santiago and King",perfume oil,226.63
every,"Cherry, White and Banks",perfume,734.2
those,Hoffman-Mahoney,perfume,37.86
scientist,Gentry and Sons,perfume,748.51
maybe,Hood-Davis,perfume oil,482.03
power,Sanders PLC,perfume,576.61
anything,Benson-Haynes,perfume oil,425.63
human,Lewis-Johnson,perfume oil,577.3
available,Adams-Mendez,perfume oil,36.49
their,"Peterson, Thompson and Harris",perfume oil,930.43
growth,Melton-Taylor,perfume,800.09
hope,"Conley, Butler and Vaughn",perfume oil,121.55
really,Cruz-Taylor,perfume oil,638.0
lawyer,Fisher-Ramirez,perfume oil,444.98
today,"Wilkerson, Duncan and Anderson",perfume,430.38
site,Carter LLC,perfume,495.98
study,"Garza, Williams and Hall",perfume oil,307.18
director,Jones Inc,perfume,507.63
cut,Dennis Ltd,perfume oil,748.04
beyond,Roberts-Richmond,perfume,925.72
color,Jackson LLC,perfume oil,988.92
smile,Davis-Smith,perfume oil,511.8
inside,Perkins Group,perfume oil,589.79
speak,Gray PLC,perfume,246.34
particular,"Gomez, Mitchell and Reed",perfume oil,975.06
since,Smith-Foster,perfume oil,141.47
brother,"Mccann, Edwards and Russell",perfume,631.99
strategy,Terry-Graham,perfume,195.32
product,Wilson Inc,perfume,174.0
maybe,Scott Group,perfume,222.96
letter,Abbott-Johns,perfume,270.1
last,Burke-Jones,perfume oil,708.72
collection,Beck PLC,perfume oil,896.78
whose,Phillips-Freeman,perfume oil,660.68
vote,Baker-Pope,perfume oil,956.99
five,Lopez-Good,perfume,285.67
father,Graham and Sons,perfume oil,532.44
level,Parsons-Davis,perfume oil,401.68
drug,Foster-Morales,perfume oil,880.3
few,"Davis, Brennan and Peck",perfume oil,964.53
with,"Proctor, Anderson and Smith",perfume oil,815.74
state,Webster PLC,perfume oil,725.26
through,Knight Ltd,perfume oil,803.49
it,Shelton and Sons,perfume oil,450.07
say,"Monroe, Barnes and Hardin",perfume oil,440.75
show,Miller-Adams,perfume,658.18
science,"Deleon, Anderson and French",perfume oil,792.08
direction,Foster LLC,perfume oil,76.92
measure,Walker-Torres,perfume,840.55
reduce,Smith PLC,perfume,570.33
century,"Sullivan, Morgan and Herring",perfume oil,426.4
beautiful,Franklin Ltd,perfume,210.73
number,Lopez-Huff,perfume,778.79
possible,Evans-Gilmore,perfume oil,350.9
prove,Webster-Reeves,perfume,616.4
recent,Terry-Jones,perfume oil,551.31
huge,"Abbott, Wilson and Turner",perfume oil,381.59
customer,Harrison and Sons,perfume oil,480.6
car,Mckee-Caldwell,perfume oil,920.94
again,Ruiz-Wells,perfume oil,73.68
religious,Smith-Coleman,perfume oil,272.64
every,"Trujillo, Allen and Baker",perfume oil,879.33
executive,"Espinoza, Henry and Alvarado",perfume,237.04
probably,"Cardenas, Ballard and Calhoun",perfume oil,825.49
trip,Garcia-Martin,perfume oil,817.92
federal,Fisher-Smith,perfume,355.58
response,Murphy-Brown,perfume oil,123.48
site,"Williams, Chen and Wong",perfume,413.66
degree,Vargas-Sanchez,perfume oil,951.81
poor,Morris-Bell,perfume,533.71
source,Estrada-Fernandez,perfume,425.66
material,"Bryan, Lopez and Clarke",perfume,71.72
across,Evans and Sons,perfume,35.54
moment,Lang-Arellano,perfume,236.6
family,Dixon Ltd,perfume oil,754.0
agency,"Davis, Morton and Huynh",perfume oil,669.99
city,Berry LLC,perfume oil,642.73
art,Kelly Group,perfume,309.77
like,"Davidson, White and Cunningham",perfume oil,462.96
rate,Riddle Inc,perfume,195.63
leader,"Colon, Smith and Garcia",perfume,692.74
interview,Singh PLC,perfume oil,103.5
short,Martinez-Gross,perfume,952.26
day,Valdez LLC,perfume oil,177.93
door,Johnson-Pierce,perfume oil,152.96
democratic,"Moore, Thomas and Walker",perfume,563.16
military,Esparza-Perez,perfume,586.4
among,Johnson Inc,perfume,976.53
billion,"Lang, Benson and Rodriguez",perfume,535.16
debate,"Juarez, Turner and Tucker",perfume,522.64
off,Meadows PLC,perfume,100.93
fire,"Frazier, Marsh and Smith",perfume,65.01
religious,Johnson Ltd,perfume,329.33
offer,Carlson Group,perfume oil,31.31
all,Wheeler-Crawford,perfume,398.65
join,"Calderon, Holmes and Mclean",perfume oil,904.59
what,Reed-Lopez,perfume oil,727.89
clearly,Baker and Sons,perfume,899.81
him,"Kim, Hernandez and Craig",perfume,278.29
campaign,Walters-Alvarez,perfume oil,958.97
recently,Taylor-Beltran,perfume oil,568.35
member,York-Gamble,perfume,565.41
born,"Armstrong, Douglas and Campos",perfume oil,223.62
play,Fernandez-Walker,perfume,391.71
your,"Mullen, Anderson and Johnson",perfume,425.19
on,Diaz-West,perfume,595.4
wall,Andersen-Ford,perfume oil,383.45
read,"Hatfield, Davis and Anderson",perfume oil,63.49
would,Hawkins LLC,perfume oil,239.73
rich,Miller-Cline,perfume oil,788.48
appear,Thomas Inc,perfume oil,460.75
green,"Welch, Brown and Ortiz",perfume oil,598.64
collection,Smith Group,perfume oil,170.68
let,"Frederick, Lloyd and Morgan",perfume oil,103.39
pretty,Walker Inc,perfume oil,425.05
enjoy,Macias-Murphy,perfume,508.43
official,Castro Ltd,perfume oil,208.87
push,"Stout, Garcia and Thompson",perfume,613.1
half,Johnson-Lambert,perfume,289.72
hour,Murray-Hernandez,perfume,507.69
message,"Garcia, Morris and Price",perfume oil,384.71
decade,Green-Hayes,perfume oil,75.38
people,"Mcgrath, Price and Espinoza",perfume oil,260.91
keep,Gardner and Sons,perfume oil,742.88
sing,Petersen LLC,perfume,76.87
decade,"Kelly, Moore and Johnson",perfume oil,773.38
scientist,Hickman LLC,perfume oil,372.7
coach,Coleman PLC,perfume oil,924.53
class,"Lopez, Moore and Lucas",perfume oil,365.16
study,"Morales, Stone and King",perfume oil,493.99
hear,Figueroa-Sanford,perfume oil,475.76
including,Taylor-Taylor,perfume,532.78
travel,Andrade-Fernandez,perfume oil,968.77
back,Tate-Smith,perfume oil,112.78
tonight,"Steele, Gray and Wright",perfume,322.39
enough,Castillo Inc,perfume,528.46
run,Reynolds-Drake,perfume oil,560.76
former,"King, Green and Christian",perfume oil,203.64
exist,Williams Ltd,perfume,794.55
debate,Zimmerman-Gonzalez,perfume oil,966.92
so,Gray-Young,perfume oil,950.53
interview,"Villanueva, Ramos and Hurst",perfume oil,744.64
model,Hernandez and Sons,perfume oil,900.4
spend,Barnes Ltd,perfume,823.02
class,Nelson Group,perfume,988.6
culture,Nguyen Group,perfume,290.96
while,Walton-King,perfume oil,461.02
lose,Reynolds LLC,perfume oil,262.78
nor,Mccann and Sons,perfume,454.6
term,Lee-Nielsen,perfume,244.67
actually,"Carter, Brandt and Thomas",perfume,806.54
chance,"Jones, Salinas and Munoz",perfume,881.49
simple,Simpson Ltd,perfume,337.6
if,"Cole, Wiggins and Johnson",perfume oil,914.69
speech,"Gibson, Vaughan and Grant",perfume oil,840.45
big,"Brock, Johnson and Navarro",perfume oil,639.59
minute,"Clark, Kidd and Thomas",perfume,655.93
history,Parks-Christensen,perfume,915.91
class,Freeman-Crawford,perfume,251.27
among,Salazar Ltd,perfume,125.92
part,"Jones, Webb and Serrano",perfume,925.59
Mr,"Hayes, Harris and Norris",perfume oil,384.3
customer,Bailey-Gallagher,perfume,675.15
again,Golden-Taylor,perfume,818.87
nice,Powell-Griffith,perfume,295.82
remember,Mcconnell and Sons,perfume,989.39
government,"Davis, Walters and Bryant",perfume oil,399.34
stay,"Sampson, Krause and Russell",perfume oil,85.74
country,Blair Inc,perfume oil,464.27
dark,Miller-Bailey,perfume oil,960.38
fly,Thompson Group,perfume oil,846.34
continue,"Brown, Schmidt and Klein",perfume,721.85
memory,Hughes-Fisher,perfume,391.32
everything,Rogers and Sons,perfume oil,404.73
range,Adams Inc,perfume,405.38
he,"Munoz, Long and Lowery",perfume,252.29
century,Perez-Velez,perfume,203.32
sit,Alvarez-Mclean,perfume,982.99
suggest,Woods-Lee,perfume,214.88
security,Scott Inc,perfume oil,302.23
why,Zamora-Hammond,perfume,160.44
security,Gibbs-Rasmussen,perfume,586.55
stay,Gutierrez-Gomez,perfume,79.58
protect,"Young, Evans and Hall",perfume,406.68
example,"Taylor, Hartman and Kelley",perfume oil,968.52
four,Hill-Wilson,perfume,282.04
but,"Ford, White and Peterson",perfume,585.11
call,Simpson Inc,perfume oil,304.8
run,Pierce-Novak,perfume oil,737.57
explain,Warren and Sons,perfume oil,899.58
sister,Smith-Schroeder,perfume,589.26
able,"Williams, May and Rogers",perfume,160.04
father,Fox-Ortiz,perfume,808.27
wear,"Rodriguez, Gonzales and Murphy",perfume oil,530.34
new,"Barton, Wade and Ford",perfume,648.42
guy,Baird Ltd,perfume oil,574.05
view,Williams-Harris,perfume,562.16
but,Roman and Sons,perfume,378.69
support,"Jones, Lee and Byrd",perfume oil,195.2
than,Nelson-Mills,perfume oil,635.1
compare,"Johnson, Adams and Stark",perfume,109.81
idea,Jackson and Sons,perfume oil,367.94
structure,Rose Group,perfume,74.11
young,"Coleman, Yang and Washington",perfume,188.49
agreement,Hamilton PLC,perfume,41.67
result,"Proctor, Mueller and Bell",perfume oil,376.58
maybe,Stevens-Graves,perfume oil,950.4
land,"Dixon, Hancock and Taylor",perfume oil,504.02
customer,Williams-Blevins,perfume,667.65
right,Smith PLC,perfume oil,97.47
series,Sloan-Banks,perfume,554.9
big,"Johnson, Hunter and Russell",perfume oil,994.09
may,Dominguez-Johnson,perfume oil,633.24
part,"Wilson, Jacobs and Mclaughlin",perfume oil,739.57
east,Liu Group,perfume,104.86
middle,Wallace LLC,perfume oil,535.47
bring,Ward and Sons,perfume oil,406.11
degree,"Kerr, Rodriguez and Freeman",perfume oil,84.51
kitchen,Evans LLC,perfume,427.77
attorney,Leonard-Franklin,perfume oil,848.99
partner,Ramirez-Lopez,perfume oil,854.3
prove,Gallegos-Dixon,perfume oil,194.43
inside,Jones-Levine,perfume oil,208.9
story,"Doyle, Washington and Warren",perfume,840.47
government,Garcia-Jones,perfume,166.07
play,Ray-Santos,perfume,825.22
financial,"Johnson, Thompson and Roy",perfume,311.93
learn,Wilkins-Gibson,perfume oil,252.3
choice,"Wheeler, Bailey and Henderson",perfume,926.85
course,Odonnell-Roberts,perfume oil,286.54
remain,Hall-Frost,perfume oil,278.05
either,Parrish-Mooney,perfume oil,541.26
everybody,Oneill Inc,perfume,149.09
number,Phelps-Cross,perfume oil,188.11
development,"Thomas, Richardson and Mason",perfume oil,135.29
market,Johnson-Martinez,perfume oil,266.89
media,"Gonzalez, Johnson and Stevens",perfume,831.84
coach,Richards and Sons,perfume,212.88
believe,Murphy LLC,perfume,388.55
wrong,"Bailey, Cooper and Williams",perfume,915.18
trial,Diaz Ltd,perfume oil,63.19
once,"Pennington, Mccann and Bennett",perfume oil,282.33
smile,Vega-Richards,perfume oil,689.36
wonder,Robinson PLC,perfume,547.89
couple,Sanders Ltd,perfume,131.41
will,Ford-Clark,perfume oil,595.2
kind,Jordan-Rodriguez,perfume oil,167.15
if,Wilson PLC,perfume,202.96
mission,"Hunt, Clark and Bauer",perfume,530.95
medical,Gentry-Day,perfume,390.51
morning,Peterson-Lynch,perfume oil,588.36
worker,Hill-Castro,perfume,75.0
never,Baker-Barrett,perfume,343.75
staff,Daugherty PLC,perfume,358.71
require,Clark-Martinez,perfume,942.46
here,"Carter, Moore and Gray",perfume,756.09
success,Jones Ltd,perfume,791.69
indeed,Martinez-Butler,perfume oil,313.23
crime,Jimenez LLC,perfume oil,49.43
short,"Morrow, Hall and Shelton",perfume oil,283.69
paper,Brown LLC,perfume oil,428.11
wind,Houston-Allen,perfume,66.7
improve,Bentley and Sons,perfume oil,870.51
option,Fisher-Stevens,perfume oil,179.09
senior,Miller-Lewis,perfume,563.51
high,"Thompson, Porter and Garcia",perfume oil,99.84
important,"Williams, Hancock and Diaz",perfume oil,882.29
many,Velasquez-Yoder,perfume,535.72
minute,"Hensley, Jenkins and Morris",perfume oil,76.33
culture,Brown LLC,perfume,175.82
for,"Jackson, Nelson and Jackson",perfume,658.97
eye,Hoffman PLC,perfume oil,431.09
just,Moses-Benjamin,perfume,534.32
push,Day-Avila,perfume,670.34
would,Andrews-Garcia,perfume,450.25
look,Campbell-Hahn,perfume,535.49
usually,"Campbell, Combs and White",perfume,176.84
product,Scott-Vang,perfume oil,645.36
meeting,Bush-Harper,perfume oil,335.15
perhaps,Rose Inc,perfume oil,385.44
understand,Brock-Boyd,perfume,137.51
cold,Franco Group,perfume,191.92
center,"Garcia, Thomas and Green",perfume oil,89.34
your,Mcintosh-Cole,perfume oil,352.24
most,"Young, Sanchez and Walters",perfume oil,459.38
you,Bates Ltd,perfume,758.78
remain,"Wolfe, Coleman and Smith",perfume oil,797.24
free,Erickson-Phillips,perfume oil,695.91
newspaper,Lowery and Sons,perfume,637.12
treat,"Anderson, Arnold and Mercer",perfume oil,365.52
modern,Hooper and Sons,perfume,767.34
guy,Edwards PLC,perfume oil,265.55
later,Brown LLC,perfume,931.03
line,Smith-Alvarado,perfume,282.23
blue,Whitney-Jenkins,perfume,749.65
respond,Burns PLC,perfume,818.47
ever,Lee and Sons,perfume,170.94
less,Glenn LLC,perfume,615.5
want,Dorsey-Wilson,perfume oil,768.95
meet,"Moss, Cruz and Stevenson",perfume oil,302.59
together,Neal Group,perfume,899.87
just,Wilson-Alexander,perfume oil,301.52
protect,Le Inc,perfume,491.86
alone,Welch-Maynard,perfume,340.96
top,Sheppard Inc,perfume,721.43
best,Ross Ltd,perfume,807.64
enjoy,"Sullivan, Rogers and Harris",perfume oil,880.56
ball,"Pearson, Cole and Lee",perfume oil,909.74
manager,Anderson-Harrell,perfume,376.82
section,Newton-Gamble,perfume,847.42
start,"Russell, Ortiz and Lee",perfume,389.02
interest,"Tyler, Rollins and Wiggins",perfume oil,922.61
dream,Oliver Inc,perfume,581.81
protect,"Thomas, Richmond and Bennett",perfume,390.15
worry,Hodge Ltd,perfume oil,158.39
mother,"Mullins, Gonzales and Evans",perfume oil,468.45
family,"Pena, Shannon and Lee",perfume oil,735.62
check,"Sanders, Woods and Rodriguez",perfume,324.94
between,Evans Ltd,perfume,627.15
TV,"Banks, Sanchez and Campbell",perfume oil,779.05
good,"Chambers, Smith and Cross",perfume oil,281.6
physical,"Mendoza, Sanchez and White",perfume,643.15
out,"Lee, Reyes and Parker",perfume,77.03
adult,"Murphy, Harmon and Herrera",perfume,503.24
machine,"Green, Bradshaw and Miller",perfume,669.25
last,Owens and Sons,perfume oil,40.89
manage,Schneider LLC,perfume oil,503.2
before,Brown PLC,perfume,842.57
tax,"Phillips, Murray and Hall",perfume oil,970.63
indeed,"Jenkins, Stewart and Johnson",perfume oil,908.16
film,Kelly-Grant,perfume,258.8
begin,Thompson LLC,perfume oil,943.69
doctor,Owens-Perry,perfume,508.27
key,"Smith, Rodriguez and Robles",perfume,110.53
forward,Mathis-Pearson,perfume,34.23
never,"Austin, Chandler and Cruz",perfume,271.3
quality,Rodriguez Inc,perfume oil,569.26
myself,Harris PLC,perfume,275.75
generation,"Nelson, Green and Gay",perfume,575.61
me,Lawrence-Young,perfume,192.86
image,Weber Ltd,perfume oil,108.72
back,"Buchanan, Gonzalez and Garcia",perfume oil,713.3
simply,"Hunter, Miller and Martin",perfume,552.77
across,"Griffin, Jones and Shepherd",perfume,540.73
red,"Smith, Calderon and Hernandez",perfume,119.12
east,Clayton-Diaz,perfume,339.96
cell,Cooper-Lane,perfume,908.33
where,Riley-Lewis,perfume,210.13
agreement,Miles Inc,perfume,890.35
down,Perez Ltd,perfume,970.91
condition,Wolf-Perry,perfume,310.69
deal,Gregory and Sons,perfume oil,50.14
student,"Carr, Robinson and Johnson",perfume oil,935.33
one,Hamilton-Romero,perfume oil,98.89
risk,"Benson, Smith and Harris",perfume,208.65
college,Simmons-Nguyen,perfume oil,806.79
response,Carter LLC,perfume oil,398.11
majority,Schroeder Inc,perfume,215.41
want,Owens-Gonzalez,perfume oil,830.54
happen,Lee PLC,perfume oil,837.15
attorney,Cunningham-Cox,perfume,708.28
happy,Ward-Kelly,perfume oil,187.91
dark,Kaufman PLC,perfume oil,398.0
send,Wilkinson-Diaz,perfume oil,95.13
their,Duffy-Moody,perfume oil,720.04
very,Johnson-King,perfume,474.81
every,Ellis LLC,perfume,66.89
middle,"Davis, Harris and Berg",perfume oil,926.19
cultural,"Grant, Parker and Gonzalez",perfume oil,919.9
involve,"Roberts, Rodriguez and Phillips",perfume oil,638.01
cut,"Jimenez, Anderson and Torres",perfume oil,894.61
reach,Thomas Inc,perfume oil,164.85
go,Lloyd-Miller,perfume oil,412.2
top,"Banks, Nunez and Turner",perfume oil,164.95
bank,"Garcia, Phillips and Wallace",perfume oil,326.3
summer,"Gray, Roberts and Davis",perfume oil,180.57
own,"Underwood, Rivas and Ortiz",perfume,189.45
add,"Johnson, Browning and Chavez",perfume oil,681.41
move,"Barnett, Walker and Landry",perfume,61.62
management,Brown-Walker,perfume oil,554.23
near,Brewer-Martin,perfume,699.63
mind,Alexander Ltd,perfume oil,346.09
for,Duran Group,perfume,452.11
turn,Mccarthy Group,perfume,626.74
young,Graham-Sims,perfume oil,397.65
begin,Townsend-Gilmore,perfume oil,673.77
someone,Bailey-Foster,perfume oil,613.97
area,Dodson-Rodriguez,perfume,24.23
receive,Bishop PLC,perfume,951.88
you,"Mercado, Smith and Clark",perfume,195.03
seven,Cannon LLC,perfume oil,168.69
picture,George PLC,perfume oil,666.89
community,"Davis, Lucas and Thompson",perfume,455.87
I,Moore PLC,perfume oil,542.23
hard,Tran-Walters,perfume,680.67
expert,"Cunningham, Butler and Navarro",perfume,803.87
still,Ross-Kelly,perfume,18.47
region,Sandoval-Farley,perfume oil,12.6
beat,Martinez LLC,perfume,473.64
book,Brown and Sons,perfume oil,263.32
low,Hatfield-Wright,perfume oil,492.25
sit,Fernandez-Obrien,perfume oil,421.49
us,"Jimenez, Lowe and Nelson",perfume,811.86
hospital,Neal PLC,perfume oil,734.02
foreign,Krause-Martinez,perfume,972.58
think,"Young, Turner and Wiggins",perfume,291.07
cut,Rogers and Sons,perfume,600.28
build,Gross-Johnston,perfume,102.38
Congress,Reyes-Johnson,perfume,475.22
high,Keller Ltd,perfume,458.97
evening,"Miller, Cantu and Carr",perfume oil,470.37
human,Sheppard-Garcia,perfume oil,214.15
fact,Gilmore-Lopez,perfume,966.95
agreement,Zamora Inc,perfume,638.69
network,Duncan-Taylor,perfume oil,403.53
marriage,"Ramsey, Clarke and Miller",perfume,461.26
usually,Jones LLC,perfume oil,793.87
test,"Carpenter, Solomon and Roman",perfume oil,26.23
she,Henson Inc,perfume oil,422.86
according,Martin-Farmer,perfume,751.89
after,Potts and Sons,perfume,327.02
another,Barton-Olsen,perfume oil,101.77
investment,"Patel, Whitaker and Hunter",perfume,966.04
choose,"Roy, Hall and Zhang",perfume,364.37
game,Johnson and Sons,perfume,19.65
physical,Perry Inc,perfume oil,70.26
PM,Bailey Ltd,perfume,705.44
wind,Baker Inc,perfume oil,932.59
mean,"Torres, Johnson and Guerrero",perfume oil,632.64
join,Russell-Villarreal,perfume,181.86
yourself,Foster-Sanchez,perfume,858.85
smile,Murphy-Taylor,perfume oil,247.04
company,Meyers LLC,perfume,241.91
nation,Edwards LLC,perfume oil,980.16
type,Browning Inc,perfume,502.04
painting,"Jackson, Jackson and Roberts",perfume oil,300.54
beat,Martin-Coleman,perfume,524.46
nation,Zimmerman LLC,perfume,150.72
difference,"Wilson, Howard and Anderson",perfume oil,363.08
fast,"Molina, Pugh and Mooney",perfume,632.52
newspaper,Smith-Barrett,perfume,490.02
agreement,Orr LLC,perfume oil,135.38
guy,Hunter-Savage,perfume oil,143.55
economy,"Wise, Ellison and Fernandez",perfume oil,275.12
already,Pratt-Alexander,perfume,657.4
everybody,King-Holmes,perfume,295.29
city,Nichols and Sons,perfume oil,177.95
fear,"White, Small and Alvarado",perfume,351.05
little,Hood-Lindsey,perfume,259.51
itself,Bell-Davis,perfume,43.89
have,"Palmer, Gonzalez and Walker",perfume oil,968.96
us,Massey-Johnson,perfume,408.18
school,Hampton and Sons,perfume oil,524.58
animal,Caldwell Ltd,perfume,11.02
century,Hill-Dennis,perfume oil,199.44
end,"Hernandez, Boone and Dennis",perfume,980.51
number,Sanchez-Lopez,perfume oil,379.3
series,"Bryant, Barnes and Guerrero",perfume oil,505.66
baby,Christensen-Mills,perfume,412.65
garden,"Fields, Mclaughlin and Cooper",perfume,503.31
perform,"Bailey, Davis and Reed",perfume oil,210.22
agent,Gutierrez-Nixon,perfume,67.07
challenge,"Wilcox, Lopez and Page",perfume oil,970.14
place,"Miller, Cox and Mann",perfume oil,241.66
these,Vasquez LLC,perfume,673.84
to,Murphy LLC,perfume oil,886.9
test,"Wilson, Brown and Joseph",perfume oil,187.42
recently,"Wall, Knox and Craig",perfume,745.1
partner,Hoffman-Mack,perfume,968.17
contain,"King, Austin and Wolfe",perfume,479.97
training,Singleton Ltd,perfume oil,535.33
message,"Harmon, Carter and Dyer",perfume,582.35
carry,"Evans, Harvey and Johnson",perfume,358.36
around,Bonilla-Murphy,perfume,726.4
beautiful,"Pruitt, Nguyen and Cooley",perfume,433.24
before,"Martinez, Kelly and Mckinney",perfume oil,375.94
contain,Hatfield-Matthews,perfume,661.78
it,Baker-Beard,perfume oil,88.66
capital,Strong Group,perfume oil,455.9
nation,"Gilbert, Martinez and Weeks",perfume oil,67.02
trip,Davis-Little,perfume,384.96
who,Cook and Sons,perfume oil,176.72
admit,Hughes Inc,perfume,776.71
participant,"Duran, Phillips and Davis",perfume oil,515.58
third,"Mullins, Valenzuela and Perkins",perfume oil,344.09
wear,Shaw Inc,perfume,113.92
likely,Garcia Inc,perfume oil,696.97
appear,Nolan PLC,perfume,641.63
view,Dominguez-Richards,perfume,796.6
forward,Stewart and Sons,perfume,49.11
early,"Scott, Porter and Benson",perfume oil,71.25
soldier,Hayden-Mckay,perfume,534.02
foreign,Sullivan-Scott,perfume oil,782.1
Democrat,"Campbell, Jones and Bailey",perfume oil,59.8
still,"Black, Thomas and Porter",perfume,455.67
economy,Fields-Robinson,perfume oil,977.2
establish,Schneider-Taylor,perfume oil,936.7
defense,Sullivan Ltd,perfume,456.9
minute,Gregory Group,perfume oil,384.23
white,"Keller, Mendoza and Smith",perfume oil,163.44
argue,Rodriguez PLC,perfume oil,781.01
officer,Thornton Group,perfume,118.46
treat,Guzman-Petersen,perfume,91.14
watch,Jones-May,perfume,246.73
toward,Richardson PLC,perfume,647.26
hit,Hamilton-Daniels,perfume oil,350.29
